baseline,time,gas,dataset_size
naive_onchain,0.1,6240000,10000
zkp_only,0.026073932647705078,244857,10000
abe_only,0.0013959407806396484,100000,10000
dp_only,0.1,50000,10000
manual_orchestration,0.5083137512207031,356212,10000
