{
  "gdpr_score": 0.966528220472512,
  "hipaa_score": 0.9317758674528436,
  "ccpa_score": 0.9394222483754247,
  "avg_compliance": 0.9459087787669267,
  "explainability_score": 4.121939605302035,
  "policy_satisfaction_rate": 0.96
}