{
  "num_evaluators": 15,
  "mean_score": 4.121939605302035,
  "std_score": 0.2494306449758836,
  "min_score": 3.772575544135963,
  "max_score": 4.755683455352681
}