framework,total_weighted_score,avg_score
CCPA,5.081991777440016,0.9394222483754247
GDPR,6.855523171089046,0.966528220472512
HIPAA,6.19306756974739,0.9317758674528436
