{
  "avg_proof_time_10k": 0.1674652576446533,
  "avg_gas_consumption": 350060.22,
  "throughput_per_hour": 21803.718985145788,
  "improvement_vs_manual": 3.2
}