{
  "duration_seconds": 60.099838972091675,
  "num_proofs": 364,
  "throughput_per_hour": 21803.718985145788
}